date time	duration	event
Wednesday, November 7, 2018 8:00 AM	(3 hr)	EXECUTIVE TIME
Wednesday, November 7, 2018 11:00 AM	(30 min)	MEETING WITH THE CHIEF OF STAFF
Wednesday, November 7, 2018 11:30 AM	(1 hr)	EXECUTIVE TIME
Wednesday, November 7, 2018 12:30 PM	(1 hr)	LUNCH
Wednesday, November 7, 2018 1:30 PM	(3 hr, 30 min)	EXECUTIVE TIME
Thursday, November 8, 2018 8:00 AM	(1 hr, 30 min)	EXECUTIVE TIME
Thursday, November 8, 2018 9:45 AM	(10 min)	INVESTITURE OF THE HONORABLE BRETT KAVANAUGH
Thursday, November 8, 2018 10:00 AM	(15 min)	MEET AND GREET WITH SUPREME COURT JUSTICES
Thursday, November 8, 2018 11:00 AM	(30 min)	MEETING WITH THE SECRETARY OF STATE
Thursday, November 8, 2018 11:30 AM	(1 hr)	EXECUTIVE TIME
Thursday, November 8, 2018 12:30 PM	(1 hr)	LUNCH
Thursday, November 8, 2018 1:30 PM	(30 min)	EXECUTIVE TIME
Thursday, November 8, 2018 2:00 PM	(1 hr)	POLICY TIME
Thursday, November 8, 2018 3:00 PM	(15 min)	EXECUTIVE TIME
Thursday, November 8, 2018 3:15 PM	(1 hr)	MEETING WITH PRESIDENTIAL PERSONNEL
Thursday, November 8, 2018 3:30 PM	(1 hr, 15 min)	EXECUTIVE TIME
Thursday, November 8, 2018 4:45 PM	(15 min)	VIDEO RECORDING SESSION
Tuesday, November 13, 2018 8:00 AM	(3 hr)	EXECUTIVE TIME
Tuesday, November 13, 2018 11:00 AM	(30 min)	MEETING WITH THE CHIEF OF STAFF
Tuesday, November 13, 2018 11:30 AM	(30 min)	INTELLIGENCE BRIEFING
Tuesday, November 13, 2018 12:00 PM	(15 min)	MEETING WITH THE PRESS SECRETARY
Tuesday, November 13, 2018 12:15 PM	(15 min)	EXECUTIVE TIME
Tuesday, November 13, 2018 12:30 PM	(1 hr)	LUNCH
Tuesday, November 13, 2018 1:30 PM	(15 min)	EXECUTIVE TIME
Tuesday, November 13, 2018 1:45 PM	(15 min)	DIWALI CEREMONIAL LIGHTING OF THE DIYA
Tuesday, November 13, 2018 2:00 PM	(15 min)	EXECUTIVE TIME
Tuesday, November 13, 2018 2:15 PM	(45 min)	POLICY TIME
Tuesday, November 13, 2018 3:00 PM	(15 min)	EXECUTIVE TIME
Tuesday, November 13, 2018 3:15 PM	(45 min)	POLICY TIME
Tuesday, November 13, 2018 4:00 PM	(1 hr)	EXECUTIVE TIME
Wednesday, November 14, 2018 8:00 AM	(3 hr)	EXECUTIVE TIME
Wednesday, November 14, 2018 11:00 AM	(30 min)	MEETING WITH THE CHIEF OF STAFF
Wednesday, November 14, 2018 11:30 AM	(30 min)	INTELLIGENCE BRIEFING
Wednesday, November 14, 2018 12:00 PM	(15 min)	EXECUTIVE TIME
Wednesday, November 14, 2018 12:15 PM	(5 min)	MEDAL OF HONOR NOTIFICATION PHONE CALL
Wednesday, November 14, 2018 12:20 PM	(10 min)	EXECUTIVE TIME
Wednesday, November 14, 2018 12:30 PM	(1 hr)	LUNCH WITH THE SECRETARY OF STATE
Wednesday, November 14, 2018 1:30 PM	(30 min)	EXECUTIVE TIME
Wednesday, November 14, 2018 2:00 PM	(30 min)	POLICY TIME
Wednesday, November 14, 2018 2:30 PM	(1 hr)	EXECUTIVE TIME
Wednesday, November 14, 2018 3:30 PM	(15 min)	MEETING WITH STAKEHOLDERS ON THE FIRST STEP ACT
Wednesday, November 14, 2018 3:45 PM	(1 hr, 45 min)	EXECUTIVE TIME
Wednesday, November 14, 2018 5:30 PM	(15 min)	PHOTO OPPORTUNITY WITH THE FALL 2018 WHITE HOUSE INTERNSHIP PROGRAM CLASS
Thursday, November 15, 2018 8:00 AM	(3 hr, 40 min)	EXECUTIVE TIME
Thursday, November 15, 2018 12:00 PM	(1 hr)	VISIT TO MARINE BARRACKS WASHINGTON DC
Thursday, November 15, 2018 1:25 PM	(5 min)	EXECUTIVE TIME
Thursday, November 15, 2018 1:30 PM	(15 min)	REMARKS ON SUPPORTING VETERAN AND MILITARY FAMILIES
Thursday, November 15, 2018 1:45 PM	(1 hr)	EXECUTIVE TIME
Thursday, November 15, 2018 2:45 PM	(1 hr)	MEETING WITH SENATE REPUBLICAN LEADERSHIP
Thursday, November 15, 2018 3:45 PM	(15 min)	EXECUTIVE TIME
Thursday, November 15, 2018 4:00 PM	(30 min)	MEETING WITH PRESIDENTIAL PERSONNEL
Thursday, November 15, 2018 4:30 PM	(30 min)	EXECUTIVE TIME
Monday, November 19, 2018 8:00 AM	(3 hr)	EXECUTIVE TIME
Monday, November 19, 2018 11:00 AM	(30 min)	MEETING WITH THE CHIEF OF STAFF
Monday, November 19, 2018 11:30 AM	(1 hr, 30 min)	EXECUTIVE TIME
Monday, November 19, 2018 1:00 PM	(15 min)	WHITE HOUSE CHRISTMAS TREE DELIVERY
Monday, November 19, 2018 1:15 PM	(15 min)	EXECUTIVE TIME
Monday, November 19, 2018 1:30 PM	(1 hr)	LUNCH WITH THE VICE PRESIDENT
Monday, November 19, 2018 2:30 PM	(15 min)	EXECUTIVE TIME
Monday, November 19, 2018 2:45 PM	(45 min)	POLICY TIME
Monday, November 19, 2018 3:30 PM	(15 min)	EXECUTIVE TIME
Monday, November 19, 2018 3:45 PM	(45 min)	POLICY TIME
Monday, November 19, 2018 4:30 PM	(45 min)	EXECUTIVE TIME
Friday, November 23, 2018 TBD	(30 min)	EXECUTIVE TIME
Monday, November 26, 2018 8:00 AM	(3 hr)	EXECUTIVE TIME
Monday, November 26, 2018 11:00 AM	(30 min)	MEETING WITH THE CHIEF OF STAFF
Monday, November 26, 2018 11:30 AM	(30 min)	INTELLIGENCE BRIEFING
Monday, November 26, 2018 12:00 PM	(15 min)	MEETING WITH THE PRESS SECRETARY
Monday, November 26, 2018 12:15 PM	(15 min)	EXECUTIVE TIME
Monday, November 26, 2018 12:30 PM	(1 hr)	LUNCH WITH THE VICE PRESIDENT
Monday, November 26, 2018 1:30 PM	(1 hr, 5 min)	EXECUTIVE TIME
Monday, November 26, 2018 2:45 PM	(1 hr)	REMARKS AT MAKE AMERICA GREAT AGAIN RALLY
Monday, November 26, 2018 2:45 PM	(5 min)	HOLD FOR MEDIA INTERVIEW PHOTO OPPORTUNITY WITH LAW ENFORCEMENT
Monday, November 26, 2018 6:40 PM	(30 min)	FIRST STEP ACT ROUNDTABLE WITH GOVERNOR PHIL BRYANT AND LAW ENFORCEMENT LEADERS
Monday, November 26, 2018 7:40 PM	(5 min)	HOLD FOR MEDIA INTERVIEW PHOTO OPPORTUNITY WITH LAW ENFORCEMENT
Monday, November 26, 2018 7:40 PM	(1 hr)	REMARKS AT MAKE AMERICA GREAT AGAIN RALLY
Tuesday, November 27, 2018 8:00 AM	(3 hr)	EXECUTIVE TIME
Tuesday, November 27, 2018 11:00 AM	(30 min)	MEDIA ENGAGEMENT
Tuesday, November 27, 2018 11:30 AM	(1 hr, 15 min)	EXECUTIVE TIME
Tuesday, November 27, 2018 12:45 PM	(1 hr)	LUNCH WITH THE SECRETARY OF STATE AND THE SECRETARY OF DEFENSE
Tuesday, November 27, 2018 1:45 PM	(45 min)	EXECUTIVE TIME
Tuesday, November 27, 2018 2:30 PM	(45 min)	MEETING WITH HOUSE REPUBLICAN LEADERSHIP
Tuesday, November 27, 2018 3:15 PM	(30 min)	EXECUTIVE TIME
Tuesday, November 27, 2018 3:45 PM	(15 min)	REMARKS AT CHRISTMAS RECEPTION
Tuesday, November 27, 2018 4:00 PM	(1 hr)	EXECUTIVE TIME
Tuesday, November 27, 2018 5:00 PM	(30 min)	MEDIA ENGAGEMENT
Tuesday, November 27, 2018 5:30 PM	(2 hr)	EXECUTIVE TIME
Tuesday, November 27, 2018 7:30 PM	(1 hr, 15 min)	PHOTOS AT THE UNITED STATES SECRET SERVICE CHRISTMAS RECEPTION
Wednesday, November 28, 2018 8:00 AM	(2 hr)	EXECUTIVE TIME
Wednesday, November 28, 2018 10:00 AM	(30 min)	MEETING WITH THE CHIEF OF STAFF
Wednesday, November 28, 2018 10:30 AM	(15 min)	EXECUTIVE TIME
Wednesday, November 28, 2018 10:45 AM	(30 min)	MEDIA ENGAGEMENT
Wednesday, November 28, 2018 11:15 AM	(1 hr)	EXECUTIVE TIME
Wednesday, November 28, 2018 12:15 PM	(15 min)	WHITE HOUSE MILITARY OFFICE DEPARTURE PHOTOS
Wednesday, November 28, 2018 12:30 PM	(15 min)	EXECUTIVE TIME
Wednesday, November 28, 2018 12:45 PM	(1 hr)	LUNCH WITH THE GOVERNOR OF NEW YORK STATE
Wednesday, November 28, 2018 1:45 PM	(15 min)	EXECUTIVE TIME
Wednesday, November 28, 2018 2:00 PM	(30 min)	MEETING WITH PRESIDENTIAL PERSONNEL
Wednesday, November 28, 2018 2:30 PM	(15 min)	POLICY TIME
Wednesday, November 28, 2018 2:45 PM	(30 min)	POLICY TIME
Wednesday, November 28, 2018 3:15 PM	(1 hr, 20 min)	EXECUTIVE TIME
Wednesday, November 28, 2018 4:45 PM	(10 min)	PHOTO OPPORTUNITY WITH NATIONAL CHRISTMAS TREE LIGHTING CEREMONY PARTICIPANTS
Wednesday, November 28, 2018 5:00 PM	(1 hr)	NATIONAL CHRISTMAS TREE LIGHTING CEREMONY
Thursday, November 29, 2018 8:00 AM	(2 hr)	EXECUTIVE TIME
Friday, November 30, 2018 6:55 AM	(5 min)	PHOTO OPPORTUNITY WITH THE PRESIDENT OF THE ARGENTINE REPUBLIC
Friday, November 30, 2018 6:55 AM	(45 min)	EXPANDED BILATERAL MEETING WITH THE PRESIDENT OF THE ARGENTINE REPUBLIC
Friday, November 30, 2018 8:15 AM	(10 min)	EXECUTIVE TIME
Friday, November 30, 2018 8:15 AM	(30 min)	SPEECH PREP USMCA SIGNING CEREMONY
Friday, November 30, 2018 9:35 AM	(2 hr, 10 min)	EXECUTIVE TIME
Friday, November 30, 2018 12:00 PM	(20 min)	OFFICIAL WELCOME AND FAMILY PHOTO
Friday, November 30, 2018 12:00 PM	(15 min)	OPENING REMARKS BY THE PRESIDENT OF THE ARGENTINE REPUBLIC
Friday, November 30, 2018 12:00 PM	(30 min)	BILATERAL MEETING WITH THE PRIME MINISTER OF JAPAN
Friday, November 30, 2018 2:20 PM	(10 min)	EXECUTIVE TIME
Friday, November 30, 2018 2:20 PM	(15 min)	TRILATERAL MEETING WITH THE PRIME MINISTER OF JAPAN AND THE PRIME MINISTER OF THE REPUBLIC OF INDIA MINISTER OF THE COMMONWEALTH OF AUSTRALIA
Friday, November 30, 2018 3:35 PM	(35 min)	EXECUTIVE TIME
Friday, November 30, 2018 3:35 PM	(20 min)	EMBASSY MEET AND GREET
Friday, November 30, 2018 3:35 PM	(10 min)	MEDIA INTERVIEW PREP INTERVIEW WITH GRETA VAN SUSTEREN, VOA
Friday, November 30, 2018 5:05 PM	(1 hr, 55 min)	EXECUTIVE TIME
Friday, November 30, 2018 7:05 PM	(15 min)	G20 FAMILY PHOTO
Friday, November 30, 2018 7:05 PM	(30 min)	G20 CULTURAL PERFORMANCE
Friday, November 30, 2018 7:05 PM	(1 hr, 45 min)	G20 LEADERS’ DINNER
Monday, December 3, 2018 8:00 AM	(3 hr)	EXECUTIVE TIME
Monday, December 3, 2018 11:00 AM	(30 min)	MEETING WITH THE CHIEF OF STAFF
Monday, December 3, 2018 11:30 AM	(30 min)	INTELLIGENCE BRIEFING
Monday, December 3, 2018 12:00 PM	(30 min)	EXECUTIVE TIME
Monday, December 3, 2018 12:30 PM	(1 hr)	LUNCH
Monday, December 3, 2018 1:30 PM	(15 min)	EXECUTIVE TIME
Monday, December 3, 2018 1:45 PM	(15 min)	MEETING WITH THE SECRETARY OF HOUSING AND URBAN DEVELOPMENT
Monday, December 3, 2018 2:15 PM	(30 min)	EXECUTIVE TIME
Monday, December 3, 2018 2:45 PM	(15 min)	MEETING WITH THE PRESS SECRETARY
Monday, December 3, 2018 3:00 PM	(30 min)	MEDIA INTERVIEW
Monday, December 3, 2018 3:30 PM	(30 min)	EXECUTIVE TIME
Monday, December 3, 2018 4:00 PM	(45 min)	POLICY TIME
Monday, December 3, 2018 4:45 PM	(15 min)	EXECUTIVE TIME
Tuesday, December 4, 2018 8:00 AM	(3 hr)	EXECUTIVE TIME
Tuesday, December 4, 2018 11:00 AM	(30 min)	MEETING WITH THE CHIEF OF STAFF
Tuesday, December 4, 2018 11:30 AM	(30 min)	POLICY TIME
Tuesday, December 4, 2018 12:00 PM	(15 min)	EXECUTIVE TIME
Tuesday, December 4, 2018 12:15 PM	(1 hr)	LUNCH
Tuesday, December 4, 2018 1:15 PM	(45 min)	EXECUTIVE TIME
Tuesday, December 4, 2018 2:00 PM	(30 min)	POLICY TIME
Tuesday, December 4, 2018 2:30 PM	(1 hr)	EXECUTIVE TIME
Tuesday, December 4, 2018 3:30 PM	(15 min)	SIGNING OF S.140, THE FRANK LOBIONDO COAST GUARD AUTHORIZATION ACT OF 2018
Tuesday, December 4, 2018 3:45 PM	(1 hr, 15 min)	EXECUTIVE TIME
Wednesday, December 5, 2018 8:00 AM	(2 hr, 15 min)	EXECUTIVE TIME
Wednesday, December 5, 2018 11:00 AM	(1 hr, 30 min)	STATE FUNERAL SERVICE OF PRESIDENT GEORGE H.W. BUSH
Wednesday, December 5, 2018 12:55 PM	(4 hr, 55 min)	EXECUTIVE TIME
Thursday, December 6, 2018 8:00 AM	(3 hr)	EXECUTIVE TIME
Thursday, December 6, 2018 11:00 AM	(30 min)	MEETING WITH THE CHIEF OF STAFF
Thursday, December 6, 2018 11:30 AM	(30 min)	INTELLIGENCE BRIEFING
Thursday, December 6, 2018 12:00 PM	(30 min)	EXECUTIVE TIME
Thursday, December 6, 2018 12:30 PM	(1 hr)	LUNCH WITH THE SECRETARY OF EDUCATION
Thursday, December 6, 2018 1:30 PM	(15 min)	MEETING WITH PRESIDENTIAL PERSONNEL
Thursday, December 6, 2018 1:45 PM	(15 min)	EXECUTIVE TIME
Thursday, December 6, 2018 2:00 PM	(45 min)	POLICY TIME
Thursday, December 6, 2018 2:45 PM	(15 min)	EXECUTIVE TIME
Thursday, December 6, 2018 3:00 PM	(30 min)	MEETING WITH THE SECRETARY OF STATE
Thursday, December 6, 2018 3:30 PM	(30 min)	EXECUTIVE TIME
Thursday, December 6, 2018 4:00 PM	(30 min)	REMARKS AT HANUKKAH RECEPTION
Thursday, December 6, 2018 4:30 PM	(3 hr, 30 min)	EXECUTIVE TIME
Thursday, December 6, 2018 8:00 PM	(30 min)	REMARKS AT HANUKKAH RECEPTION
Friday, December 7, 2018 8:00 AM	(1 hr)	EXECUTIVE TIME
Friday, December 7, 2018 11:30 AM	(10 min)	PHOTO OPPORTUNITY WITH AWARD RECIPIENTS AND LAW ENFORCEMENT
Friday, December 7, 2018 11:30 AM	(45 min)	REMARKS AT THE 2018 PROJECT SAFE NEIGHBORHOODS NATIONAL CONFERENCE
Friday, December 7, 2018 4:45 PM	(2 hr, 45 min)	EXECUTIVE TIME
Friday, December 7, 2018 7:30 PM	(1 hr, 30 min)	SENIOR STAFF DINNER
Monday, December 10, 2018 8:00 AM	(3 hr)	EXECUTIVE TIME
Monday, December 10, 2018 11:00 AM	(1 hr)	MEETING WITH THE CHIEF OF STAFF
Monday, December 10, 2018 12:00 PM	(30 min)	EXECUTIVE TIME
Monday, December 10, 2018 12:30 PM	(1 hr)	LUNCH WITH THE VICE PRESIDENT
Monday, December 10, 2018 1:30 PM	(15 min)	EXECUTIVE TIME
Monday, December 10, 2018 1:45 PM	(45 min)	POLICY TIME
Monday, December 10, 2018 2:30 PM	(15 min)	EXECUTIVE TIME
Monday, December 10, 2018 3:30 PM	(30 min)	MEETING WITH LEGISLATIVE AFFAIRS
Monday, December 10, 2018 4:00 PM	(15 min)	EXECUTIVE TIME
Tuesday, December 11, 2018 8:00 AM	(3 hr)	EXECUTIVE TIME
Tuesday, December 11, 2018 11:30 AM	(45 min)	MEETING WITH THE SENATE MINORITY LEADER
Tuesday, December 11, 2018 12:15 PM	(15 min)	EXECUTIVE TIME
Tuesday, December 11, 2018 12:30 PM	(1 hr)	LUNCH
Tuesday, December 11, 2018 1:30 PM	(1 hr, 15 min)	EXECUTIVE TIME
Tuesday, December 11, 2018 2:45 PM	(45 min)	PHOTOS AND REMARKS AT CHRISTMAS RECEPTION
Tuesday, December 11, 2018 3:30 PM	(15 min)	EXECUTIVE TIME
Tuesday, December 11, 2018 3:45 PM	(15 min)	SYRIA GENOCIDE RELIEF AND ACCOUNTABILITY ACT OF 2018
Tuesday, December 11, 2018 4:00 PM	(15 min)	EXECUTIVE TIME
Tuesday, December 11, 2018 4:15 PM	(30 min)	MEDIA ENGAGEMENT
Tuesday, December 11, 2018 4:45 PM	(2 hr, 45 min)	EXECUTIVE TIME
Tuesday, December 11, 2018 7:30 PM	(15 min)	REMARKS AT STAFF RECEPTION
Wednesday, December 12, 2018 8:00 AM	(4 hrs)	EXECUTIVE TIME
Wednesday, December 12, 2018 12:00 PM	(30 min)	MEETING WITH THE CHIEF OF STAFF
Wednesday, December 12, 2018 12:30 PM	(1 hr)	LUNCH
Wednesday, December 12, 2018 1:30 PM	(30 min)	MEETING WITH PRESIDENTIAL PERSONNEL
Wednesday, December 12, 2018 2:00 PM	(30 min)	EXECUTIVE TIME
Wednesday, December 12, 2018 2:30 PM	(15 min)	SIGNING OF AN EXECUTIVE ORDER ESTABLISHING THE WHITE HOUSE OPPORTUNITY AND REVITALIZATION COUNCIL
Wednesday, December 12, 2018 2:45 PM	(30 min)	EXECUTIVE TIME
Wednesday, December 12, 2018 3:15 PM	(30 min)	MEDIA ENGAGEMENT
Wednesday, December 12, 2018 3:45 PM	(15 min)	EXECUTIVE TIME
Wednesday, December 12, 2018 4:00 PM	(15 min)	VIDEO RECORDING SESSION
Wednesday, December 12, 2018 4:15 PM	(45 min)	EXECUTIVE TIME
Thursday, December 13, 2018 8:00 AM	(3 hr)	EXECUTIVE TIME
Thursday, December 13, 2018 11:00 AM	(30 min)	MEDIA ENGAGEMENT
Thursday, December 13, 2018 11:30 AM	(15 min)	EXECUTIVE TIME
Thursday, December 13, 2018 11:45 AM	(45 min)	MEETING WITH THE SECRETARY OF STATE
Thursday, December 13, 2018 12:30 PM	(15 min)	EXECUTIVE TIME
Thursday, December 13, 2018 12:45 PM	(1 hr)	LUNCH
Thursday, December 13, 2018 1:45 PM	(15 min)	EXECUTIVE TIME
Thursday, December 13, 2018 2:30 PM	(2 hr, 45 min)	EXECUTIVE TIME
Thursday, December 13, 2018 5:15 PM	(15 min)	REMARKS AT CHRISTMAS RECEPTION
Thursday, December 13, 2018 5:30 PM	(3 hr)	EXECUTIVE TIME
Thursday, December 13, 2018 8:30 PM	(15 min)	REMARKS AT CHRISTMAS RECEPTION
Friday, December 14, 2018 8:00 AM	(3 hr)	EXECUTIVE TIME
Friday, December 14, 2018 11:00 AM	(1 hr)	MEETING WITH THE CHIEF OF STAFF
Friday, December 14, 2018 12:00 PM	(30 min)	INTELLIGENCE BRIEFING
Friday, December 14, 2018 12:30 PM	(15 min)	EXECUTIVE TIME
Friday, December 14, 2018 12:45 PM	(1 hr)	LUNCH
Friday, December 14, 2018 1:45 PM	(15 min)	EXECUTIVE TIME
Friday, December 14, 2018 2:00 PM	(15 min)	MEDAL OF HONOR NOTIFICATION PHONE CALL
Friday, December 14, 2018 2:15 PM	(30 min)	MEETING WITH LEGISLATIVE AFFAIRS
Friday, December 14, 2018 2:45 PM	(15 min)	EXECUTIVE TIME
Friday, December 14, 2018 3:00 PM	(30 min)	POLICY TIME
Friday, December 14, 2018 3:30 PM	(15 min)	EXECUTIVE TIME
Friday, December 14, 2018 3:45 PM	(15 min)	POLICY TIME
Friday, December 14, 2018 4:00 PM	(1 hr, 15 min)	EXECUTIVE TIME
Friday, December 14, 2018 5:15 PM	(15 min)	REMARKS AT CHRISTMAS RECEPTION
Monday, December 17, 2018 8:00 AM	(3 hr)	EXECUTIVE TIME
Monday, December 17, 2018 11:00 AM	(30 min)	MEETING WITH LEGISLATIVE AFFAIRS
Monday, December 17, 2018 11:30 AM	(30 min)	EXECUTIVE TIME
Monday, December 17, 2018 12:00 PM	(30 min)	INTELLIGENCE BRIEFING
Monday, December 17, 2018 12:30 PM	(1 hr)	LUNCH WITH THE VICE PRESIDENT
Monday, December 17, 2018 1:30 PM	(15 min)	EXECUTIVE TIME
Monday, December 17, 2018 1:45 PM	(30 min)	MEETING WITH THE SECRETARY OF THE INTERIOR
Monday, December 17, 2018 2:15 PM	(45 min)	EXECUTIVE TIME
Monday, December 17, 2018 3:00 PM	(30 min)	POLICY TIME
Monday, December 17, 2018 3:30 PM	(15 min)	EXECUTIVE TIME
Monday, December 17, 2018 3:45 PM	(15 min)	MEETING WITH THE PRESS SECRETARY
Monday, December 17, 2018 4:00 PM	(30 min)	MEDIA ENGAGEMENT
Monday, December 17, 2018 4:30 PM	(45 min)	EXECUTIVE TIME
Monday, December 17, 2018 5:15 PM	(15 min)	REMARKS AT CHRISTMAS RECEPTION
Monday, December 17, 2018 5:30 PM	(3 hr)	EXECUTIVE TIME
Monday, December 17, 2018 8:30 PM	(15 min)	REMARKS AT STAFF RECEPTION
Tuesday, December 18, 2018 8:00 AM	(3 hr)	EXECUTIVE TIME
Tuesday, December 18, 2018 11:00 AM	(1 hr)	MEETING WITH THE CHIEF OF STAFF
Tuesday, December 18, 2018 12:00 PM	(30 min)	POLICY TIME
Tuesday, December 18, 2018 12:30 PM	(15 min)	EXECUTIVE TIME
Tuesday, December 18, 2018 12:45 PM	(1 hr)	LUNCH
Tuesday, December 18, 2018 1:45 PM	(15 min)	EXECUTIVE TIME
Tuesday, December 18, 2018 2:15 PM	(30 min)	ROUNDTABLE DISCUSSION ON THE FEDERAL COMMISSION ON SCHOOL SAFETY REPORT
Tuesday, December 18, 2018 2:45 PM	(30 min)	EXECUTIVE TIME
Tuesday, December 18, 2018 3:15 PM	(30 min)	POLICY TIME
Tuesday, December 18, 2018 3:45 PM	(45 min)	EXECUTIVE TIME
Tuesday, December 18, 2018 4:30 PM	(15 min)	PHOTO OPPORTUNITY WITH THE SECRETARY OF THE TREASURY
Tuesday, December 18, 2018 4:45 PM	(15 min)	EXECUTIVE TIME
Wednesday, December 19, 2018 8:00 AM	(3 hr)	EXECUTIVE TIME
Wednesday, December 19, 2018 11:00 AM	(1 hr)	MEETING WITH THE CHIEF OF STAFF
Wednesday, December 19, 2018 12:00 PM	(30 min)	INTELLIGENCE BRIEFING
Wednesday, December 19, 2018 12:30 PM	(1 hr)	LUNCH WITH THE SECRETARY OF STATE
Wednesday, December 19, 2018 1:30 PM	(30 min)	EXECUTIVE TIME
Wednesday, December 19, 2018 2:00 PM	(30 min)	POLICY TIME
Wednesday, December 19, 2018 2:30 PM	(15 min)	EXECUTIVE TIME
Wednesday, December 19, 2018 2:45 PM	(15 min)	CHRISTMAS MESSAGE VIDEO RECORDING
Wednesday, December 19, 2018 3:00 PM	(1 hr)	EXECUTIVE TIME
Wednesday, December 19, 2018 4:00 PM	(30 min)	MEDIA ENGAGEMENT
Wednesday, December 19, 2018 4:30 PM	(45 min)	EXECUTIVE TIME
Wednesday, December 19, 2018 5:15 PM	(15 min)	REMARKS AT CHRISTMAS RECEPTION
Wednesday, December 19, 2018 5:30 PM	(2 hr)	EXECUTIVE TIME
Wednesday, December 19, 2018 7:30 PM	(1 hr)	PHOTOS AT RESIDENCE CHRISTMAS RECEPTION
Thursday, December 20, 2018 8:00 AM	(3 hr)	EXECUTIVE TIME
Thursday, December 20, 2018 11:00 AM	(1 hr)	MEETING WITH THE CHIEF OF STAFF
Thursday, December 20, 2018 12:00 PM	(45 min)	EXECUTIVE TIME
Thursday, December 20, 2018 12:45 PM	(1 hr)	LUNCH
Thursday, December 20, 2018 1:45 PM	(45 min)	EXECUTIVE TIME
Thursday, December 20, 2018 2:30 PM	(15 min)	IMPROVEMENT ACT OF 2018
Thursday, December 20, 2018 2:45 PM	(1 hr, 30 min)	EXECUTIVE TIME
Thursday, December 20, 2018 4:15 PM	(30 min)	SIGNING OF H.R. 1918 NICARAGUA HUMAN RIGHTS AND ANTICORRUPTION ACT AND H.R. 5759 — 21ST CENTURY IDEA
Thursday, December 20, 2018 4:45 PM	(15 min)	EXECUTIVE TIME
Friday, December 21, 2018 8:00 AM	(3 hr)	EXECUTIVE TIME
Friday, December 21, 2018 11:30 AM	(15 min)	EXECUTIVE TIME
Friday, December 21, 2018 11:45 AM	(30 min)	MEETING WITH CHIEF OF STAFF
Friday, December 21, 2018 12:15 PM	(15 min)	EXECUTIVE TIME
Friday, December 21, 2018 12:30 PM	(1 hr)	LUNCH
Friday, December 21, 2018 1:30 PM	(30 min)	EXECUTIVE TIME
Friday, December 21, 2018 2:00 PM	(15 min)	COUNTERING WEAPONS OF MASS DESTRUCTION ACT
Wednesday, January 2, 2019 8:00 AM	(3 hr)	EXECUTIVE TIME
Wednesday, January 2, 2019 11:00 AM	(30 min)	MEETING WITH THE CHIEF OF STAFF
Wednesday, January 2, 2019 11:30 AM	(30 min)	EXECUTIVE TIME
Wednesday, January 2, 2019 12:00 PM	(1 hr)	CABINET MEETING
Wednesday, January 2, 2019 1:00 PM	(1 hr)	LUNCH
Wednesday, January 2, 2019 2:00 PM	(15 min)	EXECUTIVE TIME
Wednesday, January 2, 2019 2:45 PM	(15 min)	EXECUTIVE TIME
Wednesday, January 2, 2019 3:00 PM	(1 hr)	BORDER SECURITY BRIEFING FOR CONGRESSIONAL LEADERSHIP
Wednesday, January 2, 2019 4:00 PM	(1 hr)	EXECUTIVE TIME
Thursday, January 3, 2019 8:00 AM	(3 hr)	EXECUTIVE TIME
Thursday, January 3, 2019 11:00 AM	(30 min)	MEETING WITH THE CHIEF OF STAFF
Thursday, January 3, 2019 11:30 AM	(1 hr)	EXECUTIVE TIME
Thursday, January 3, 2019 12:30 PM	(1 hr)	LUNCH
Thursday, January 3, 2019 1:30 PM	(1 hr)	EXECUTIVE TIME
Friday, January 4, 2019 8:00 AM	(3 hr)	EXECUTIVE TIME
Friday, January 4, 2019 11:30 AM	(1 hr)	MEETING WITH CONGRESSIONAL LEADERSHIP
Friday, January 4, 2019 12:30 PM	(1 hr)	LUNCH
Friday, January 4, 2019 1:30 PM	(30 min)	EXECUTIVE TIME
Friday, January 4, 2019 2:00 PM	(30 min)	INTELLIGENCE BRIEFING
Friday, January 4, 2019 2:30 PM	(30 min)	EXECUTIVE TIME
Friday, January 4, 2019 3:00 PM	(30 min)	MEETING WITH THE SECRETARY OF STATE
Friday, January 4, 2019 3:30 PM	(30 min)	EXECUTIVE TIME
Monday, January 7, 2019 8:00 AM	(3 hr, 45 min)	EXECUTIVE TIME
Monday, January 7, 2019 11:45 AM	(30 min)	MEETING WITH THE CHIEF OF STAFF
Monday, January 7, 2019 12:15 PM	(15 min)	EXECUTIVE TIME
Monday, January 7, 2019 12:30 PM	(1 hr)	LUNCH WITH THE VICE PRESIDENT
Monday, January 7, 2019 1:30 PM	(30 min)	EXECUTIVE TIME
Monday, January 7, 2019 2:00 PM	(1 hr)	INTELLIGENCE BRIEFING
Monday, January 7, 2019 2:30 PM	(2 hr, 30 min)	EXECUTIVE TIME
Tuesday, January 8, 2019 8:00 AM	(3 hr, 30 min)	EXECUTIVE TIME
Tuesday, January 8, 2019 11:30 AM	(30 min)	MEETING WITH THE CHIEF OF STAFF
Tuesday, January 8, 2019 12:00 PM	(15 min)	EXECUTIVE TIME
Tuesday, January 8, 2019 12:15 PM	(1 hr)	MEDIA LUNCH
Tuesday, January 8, 2019 1:15 PM	(30 min)	EXECUTIVE TIME
Tuesday, January 8, 2019 1:45 PM	(1 hr)	POLICY TIME
Tuesday, January 8, 2019 2:45 PM	(6 hr, 15min)	EXECUTIVE TIME
Tuesday, January 8, 2019 9:00 PM	(45 min)	POLICY TIME
Wednesday, January 9, 2019 8:00 AM	(3 hr)	EXECUTIVE TIME
Wednesday, January 9, 2019 11:00 AM	(30 min)	MEETING WITH THE CHIEF OF STAFF
Wednesday, January 9, 2019 11:30 AM	(15 min)	TRAFFICKING LEGISLATION
Wednesday, January 9, 2019 11:45 AM	(15 min)	EXECUTIVE TIME
Wednesday, January 9, 2019 12:00 PM	(30 min)	INTELLIGENCE BRIEFING
Wednesday, January 9, 2019 12:30 PM	(15 min)	EXECUTIVE TIME
Wednesday, January 9, 2019 1:00 PM	(1 hr)	SENATE REPUBLICAN POLICY LUNCH
Wednesday, January 9, 2019 2:20 PM	(10 min)	EXECUTIVE TIME
Wednesday, January 9, 2019 3:00 PM	(1 hr)	MEETING WITH CONGRESSIONAL LEADERSHIP
Wednesday, January 9, 2019 4:00 PM	(1 hr)	EXECUTIVE TIME
Thursday, January 10, 2019 8:00 AM	(1 hr, 15 min)	EXECUTIVE TIME
Thursday, January 10, 2019 1:05 PM	(50 min)	ROUNDTABLE ON IMMIGRATION AND BORDER SECURITY
Thursday, January 10, 2019 1:05 PM	(5 min)	PHOTO OPPORTUNITY WITH LAW ENFORCEMENT
Thursday, January 10, 2019 2:30 PM	(20 min)	BRIEFING ON BORDER SECURITY
Thursday, January 10, 2019 2:30 PM	(5 min)	HOLD FOR MEDIA INTERVIEW
Friday, January 11, 2019 8:00 AM	(3 hr)	EXECUTIVE TIME
Friday, January 11, 2019 11:00 AM	(30 min)	MEETING WITH THE CHIEF OF STAFF
Friday, January 11, 2019 11:30 AM	(30 min)	EXECUTIVE TIME
Friday, January 11, 2019 12:00 PM	(20 min)	CREDENTIALING CEREMONY FOR NEWLY APPOINTED AMBASSADORS TO WASHINGTON, DC
Friday, January 11, 2019 12:20 PM	(25 min)	EXECUTIVE TIME
Friday, January 11, 2019 12:45 PM	(1 hr)	LUNCH
Friday, January 11, 2019 1:45 PM	(15 min)	EXECUTIVE TIME
Friday, January 11, 2019 2:00 PM	(15 min)	DEPARTURE CEREMONY FOR LIEUTENANT COLONEL RICK TURNER
Friday, January 11, 2019 2:15 PM	(15 min)	EXECUTIVE TIME
Friday, January 11, 2019 2:30 PM	(45 min)	BORDER SECURITY AND SAFE COMMUNITIES ROUNDTABLE DISCUSSION WITH STATE, LOCAL, AND COMMUNITY LEADERS
Friday, January 11, 2019 3:15 PM	(45 min)	EXECUTIVE TIME
Friday, January 11, 2019 4:00 PM	(30 min)	MEETING WITH PRESIDENTIAL PERSONNEL
Friday, January 11, 2019 4:30 PM	(30 min)	EXECUTIVE TIME
Monday, January 14, 2019 8:00 AM	(1 hr)	EXECUTIVE TIME
Monday, January 14, 2019 11:25 AM	(5 min)	PHOTO OPPORTUNITY WITH MEMBERS OF THE AMERICAN FARM BUREAU FEDERATION PHOTO OPPORTUNITY WITH LAW ENFORCEMENT
Monday, January 14, 2019 11:25 AM	(30 min)	REMARKS AT AMERICAN FARM BUREAU FEDERATION’S 100TH ANNUAL CONVENTION
Monday, January 14, 2019 4:30 PM	(1 hr, 30 min)	EXECUTIVE TIME
Monday, January 14, 2019 6:00 PM	(15 min)	PHOTO OPPORTUNITY WITH THE 2018 NCAA FOOTBALL NATIONAL CHAMPIONS: THE CLEMSON TIGERS
Monday, January 14, 2019 6:15 PM	(15 min)	EXECUTIVE TIME
Monday, January 14, 2019 6:30 PM	(30 min)	VISIT OF THE 2018 NCAA FOOTBALL NATIONAL CHAMPIONS: THE CLEMSON TIGERS
Tuesday, January 15, 2019 8:00 AM	(3 hr)	EXECUTIVE TIME
Tuesday, January 15, 2019 11:00 AM	(30 min)	MEETING WITH THE CHIEF OF STAFF
Tuesday, January 15, 2019 11:30 AM	(30 min)	EXECUTIVE TIME
Tuesday, January 15, 2019 12:00 PM	(30 min)	INTELLIGENCE BRIEFING
Tuesday, January 15, 2019 12:30 PM	(1 hr)	LUNCH WITH MEMBERS OF CONGRESS
Tuesday, January 15, 2019 1:30 PM	(15 min)	EXECUTIVE TIME
Tuesday, January 15, 2019 1:45 PM	(30 min)	MEETING WITH PRESIDENTIAL PERSONNEL
Tuesday, January 15, 2019 2:15 PM	(15 min)	EXECUTIVE TIME
Tuesday, January 15, 2019 2:30 PM	(15 min)	BRIEFING CALL ON THE BORDER CRISIS WITH STATE, LOCAL, AND COMMUNITY LEADERS
Tuesday, January 15, 2019 2:45 PM	(30 min)	EXECUTIVE TIME
Tuesday, January 15, 2019 3:00 PM	(45 min)	POLICY TIME
Tuesday, January 15, 2019 3:45 PM	(45 min)	EXECUTIVE TIME
Tuesday, January 15, 2019 4:30 PM	(15 min)	VIDEO RECORDING SESSION
Tuesday, January 15, 2019 4:45 PM	(15 min)	EXECUTIVE TIME
Wednesday, January 16, 2019 8:00 AM	(2 hr, 45 min)	EXECUTIVE TIME
Wednesday, January 16, 2019 10:45 AM	(45 min)	MEETING WITH THE CHIEF OF STAFF
Wednesday, January 16, 2019 11:30 AM	(1 hr)	MEETING WITH THE PROBLEM SOLVERS CAUCUS
Wednesday, January 16, 2019 12:30 PM	(30 min)	EXECUTIVE TIME
Wednesday, January 16, 2019 1:00 PM	(1 hr)	LUNCH WITH THE SECRETARY OF STATE
Wednesday, January 16, 2019 2:00 PM	(15 min)	EXECUTIVE TIME
Wednesday, January 16, 2019 2:15 PM	(15 min)	SIGNING CEREMONY FOR S.24, THE GOVERNMENT EMPLOYEE FAIR TREATMENT ACT OF 2019
Wednesday, January 16, 2019 2:30 PM	(15 min)	EXECUTIVE TIME
Wednesday, January 16, 2019 2:45 PM	(1 hr)	POLICY TIME
Wednesday, January 16, 2019 3:45 PM	(1 hr, 15 min)	EXECUTIVE TIME
Wednesday, January 16, 2019 5:00 PM	(15 min)	VIDEO RECORDING SESSION
Thursday, January 17, 2019 8:00 AM	(2 hr, 45 min)	EXECUTIVE TIME
Thursday, January 17, 2019 11:00 AM	(30 min)	THE MISSILE DEFENSE REVIEW ANNOUNCEMENT
Thursday, January 17, 2019 11:50 AM	(40 min)	EXECUTIVE TIME
Thursday, January 17, 2019 12:30 PM	(1 hr)	LUNCH
Thursday, January 17, 2019 1:30 PM	(15 min)	EXECUTIVE TIME
Thursday, January 17, 2019 1:45 PM	(30 min)	INTELLIGENCE BRIEFING
Thursday, January 17, 2019 2:15 PM	(30 min)	EXECUTIVE TIME
Thursday, January 17, 2019 2:45 PM	(15 min)	POLICY TIME
Thursday, January 17, 2019 3:00 PM	(30 min)	EXECUTIVE TIME
Thursday, January 17, 2019 3:30 PM	(30 min)	MEDIA ENGAGEMENT
Thursday, January 17, 2019 4:00 PM	(1 hr)	EXECUTIVE TIME
Friday, January 18, 2019 8:00 AM	(3 hr, 45 min)	EXECUTIVE TIME
Friday, January 18, 2019 11:45 AM	(30 min)	MEETING WITH THE CHIEF OF STAFF
Friday, January 18, 2019 12:15 PM	(30 min)	EXECUTIVE TIME
Friday, January 18, 2019 12:45 PM	(30 min)	MEETING WITH THE SECRETARY OF THE TREASURY
Friday, January 18, 2019 1:15 PM	(1 hr)	LUNCH
Friday, January 18, 2019 2:15 PM	(2 hr, 45 min)	EXECUTIVE TIME
Monday, January 21, 2019 TBD	(2 hr, 45 min)	EXECUTIVE TIME
Tuesday, January 22, 2019 8:00 AM	(3 hr)	EXECUTIVE TIME
Tuesday, January 22, 2019 11:00 AM	(30 min)	MEETING WITH THE CHIEF OF STAFF
Tuesday, January 22, 2019 11:30 AM	(30 min)	EXECUTIVE TIME
Tuesday, January 22, 2019 12:00 PM	(30 min)	INTELLIGENCE BRIEFING
Tuesday, January 22, 2019 12:30 PM	(1 hr)	LUNCH WITH THE VICE PRESIDENT
Tuesday, January 22, 2019 1:30 PM	(15 min)	EXECUTIVE TIME
Tuesday, January 22, 2019 1:45 PM	(15 min)	MEETING WITH THE PRESS SECRETARY
Tuesday, January 22, 2019 2:00 PM	(15 min)	EXECUTIVE TIME
Tuesday, January 22, 2019 2:15 PM	(45 min)	POLICY TIME
Tuesday, January 22, 2019 3:00 PM	(2 hr)	EXECUTIVE TIME
Wednesday, January 23, 2019 8:00 AM	(2 hr, 30 min)	EXECUTIVE TIME
Wednesday, January 23, 2019 10:30 AM	(15 min)	BRIEFING CALL ON THE PRESIDENT’S IMMIGRATION PROPOSAL WITH STATE, LOCAL AND COMMUNITY LEADERS
Wednesday, January 23, 2019 10:45 AM	(15 min)	EXECUTIVE TIME
Wednesday, January 23, 2019 11:00 AM	(30 min)	MEETING WITH THE CHIEF OF STAFF
Wednesday, January 23, 2019 11:30 AM	(1 hr)	EXECUTIVE TIME
Wednesday, January 23, 2019 12:30 PM	(1 hr)	LUNCH
Wednesday, January 23, 2019 1:30 PM	(30 min)	EXECUTIVE TIME
Wednesday, January 23, 2019 2:00 PM	(30 min)	FAIR AND HONEST PRICING IN HEALTHCARE ROUNDTABLE
Wednesday, January 23, 2019 2:30 PM	(30 min)	EXECUTIVE TIME
Wednesday, January 23, 2019 3:00 PM	(45 min)	MEETING WITH CONSERVATIVE LEADERS ON THE PRESIDENT’S IMMIGRATION PROPOSAL
Wednesday, January 23, 2019 3:45 PM	(1 hr, 15 min)	EXECUTIVE TIME
Thursday, January 24, 2019 8:00 AM	(3 hr)	EXECUTIVE TIME
Thursday, January 24, 2019 11:00 AM	(30 min)	MEETING WITH THE CHIEF OF STAFF
Thursday, January 24, 2019 11:30 AM	(15 min)	EXECUTIVE TIME
Thursday, January 24, 2019 11:45 AM	(15 min)	VIDEO RECORDING SESSION
Thursday, January 24, 2019 12:00 PM	(30 min)	EXECUTIVE TIME
Thursday, January 24, 2019 12:30 PM	(1 hr)	LUNCH
Thursday, January 24, 2019 1:30 PM	(2 hr, 15 min)	EXECUTIVE TIME
Thursday, January 24, 2019 3:45 PM	(30 min)	MEETING WITH LEGISLATIVE AFFAIRS
Thursday, January 24, 2019 4:15 PM	(45 min)	EXECUTIVE TIME
Friday, January 25, 2019 8:00 AM	(3 hr)	EXECUTIVE TIME
Friday, January 25, 2019 11:00 AM	(30 min)	MEETING WITH THE CHIEF OF STAFF
Friday, January 25, 2019 11:30 AM	(30 min)	EXECUTIVE TIME
Friday, January 25, 2019 12:00 PM	(30 min)	INTELLIGENCE BRIEFING
Friday, January 25, 2019 12:30 PM	(1 hr)	LUNCH WITH THE SECRETARY OF STATE
Friday, January 25, 2019 1:30 PM	(15 min)	EXECUTIVE TIME
Friday, January 25, 2019 12:30 PM	(30 min)	DISCUSSION ON ECONOMIC GROWTH WITH OUR NATION’S MAYORS
Friday, January 25, 2019 2:15 PM	(30 min)	EXECUTIVE TIME
Friday, January 25, 2019 2:45 PM	(30 min)	ROUNDTABLE WITH HISPANIC PASTORS
Friday, January 25, 2019 3:15 PM	(1 hr, 45 min)	EXECUTIVE TIME
Monday, January 28, 2019 8:00 AM	(3 hr)	EXECUTIVE TIME
Monday, January 28, 2019 11:00 AM	(30 min)	MEETING WITH THE CHIEF OF STAFF
Monday, January 28, 2019 11:30 AM	(1 hr)	EXECUTIVE TIME
Monday, January 28, 2019 12:30 PM	(1 hr)	LUNCH WITH THE VICE PRESIDENT
Monday, January 28, 2019 1:30 PM	(2 hr, 45 min)	EXECUTIVE TIME
Monday, January 28, 2019 4:15 PM	(15 min)	MEETING WITH THE PRESS SECRETARY
Monday, January 28, 2019 4:30 PM	(30 min)	EXECUTIVE TIME
Tuesday, January 29, 2019 8:00 AM	(3 hr, 15 min)	EXECUTIVE TIME
Tuesday, January 29, 2019 11:15 AM	(30 min)	MEETING WITH THE CHIEF OF STAFF
Tuesday, January 29, 2019 11:45 AM	(15 min)	EXECUTIVE TIME
Tuesday, January 29, 2019 12:00 PM	(15 min)	VIDEO RECORDING SESSION
Tuesday, January 29, 2019 12:15 PM	(15 min)	EXECUTIVE TIME
Tuesday, January 29, 2019 12:30 PM	(1 hr)	LUNCH
Tuesday, January 29, 2019 1:30 PM	(45 min)	POLICY TIME
Tuesday, January 29, 2019 2:15 PM	(30 min)	EXECUTIVE TIME
Tuesday, January 29, 2019 2:45 PM	(30 min)	MEETING WITH LEGISLATIVE AFFAIRS
Tuesday, January 29, 2019 3:15 PM	(1 hr, 45 min)	EXECUTIVE TIME
Wednesday, January 30, 2019 8:00 AM	(3 hr)	EXECUTIVE TIME
Wednesday, January 30, 2019 11:00 AM	(30 min)	MEETING WITH THE CHIEF OF STAFF
Wednesday, January 30, 2019 11:30 AM	(30 min)	INTELLIGENCE BRIEFING
Wednesday, January 30, 2019 12:00 PM	(30 min)	EXECUTIVE TIME
Wednesday, January 30, 2019 12:30 PM	(1 hr)	LUNCH
Wednesday, January 30, 2019 1:30 PM	(15 min)	EXECUTIVE TIME
Wednesday, January 30, 2019 1:45 PM	(15 min)	WHITE HOUSE MILITARY OFFICE DEPARTURE PHOTOS
Wednesday, January 30, 2019 2:00 PM	(15 min)	EXECUTIVE TIME
Wednesday, January 30, 2019 2:15 PM	(45 min)	POLICY TIME
Wednesday, January 30, 2019 3:00 PM	(1 hr)	EXECUTIVE TIME
Wednesday, January 30, 2019 4:00 PM	(15 min)	MEETING WITH PRESIDENTIAL PERSONNEL
Wednesday, January 30, 2019 4:15 PM	(15 min)	EXECUTIVE TIME
Wednesday, January 30, 2019 4:30 PM	(30 min)	MEDIA ENGAGEMENT
Thursday, January 31, 2019 8:00 AM	(3 hr)	EXECUTIVE TIME
Thursday, January 31, 2019 11:00 AM	(30 min)	MEETING WITH THE CHIEF OF STAFF
Thursday, January 31, 2019 11:30 AM	(15 min)	EXECUTIVE TIME
Thursday, January 31, 2019 11:45 AM	(15 min)	MEETING WITH THE AMERICAN MANUFACTURERS AND SIGNING OF AN EXECUTIVE ORDER TO STRENGTHEN BUY AMERICAN PREFERENCES
Thursday, January 31, 2019 12:00 PM	(15 min)	EXECUTIVE TIME
Thursday, January 31, 2019 12:15 PM	(15 min)	VIDEO RECORDING SESSION
Thursday, January 31, 2019 12:30 PM	(1 hr)	LUNCH
Thursday, January 31, 2019 1:30 PM	(15 min)	MEETING WITH THE WHITE HOUSE STAFF SECRETARY
Thursday, January 31, 2019 1:45 PM	(30 min)	EXECUTIVE TIME
Thursday, January 31, 2019 2:15 PM	(30 min)	INTELLIGENCE BRIEFING
Thursday, January 31, 2019 2:45 PM	(15 min)	EXECUTIVE TIME
Thursday, January 31, 2019 3:30 PM	(30 min)	MEETING WITH THE VICE PREMIER OF THE PEOPLE’S REPUBLIC OF CHINA
Thursday, January 31, 2019 4:00 PM	(30 min)	EXECUTIVE TIME
Thursday, January 31, 2019 4:30 PM	(30 min)	MEDIA ENGAGEMENT
Friday, February 1, 2019 8:00 AM	(3 hr)	EXECUTIVE TIME
Friday, February 1, 2019 11:00 AM	(30 min)	MEETING WITH THE CHIEF OF STAFF
Friday, February 1, 2019 11:30 AM	(15 min)	EXECUTIVE TIME
Friday, February 1, 2019 11:45 AM	(30 min)	FIGHTING HUMAN TRAFFICKING AT THE SOUTHERN BORDER
Friday, February 1, 2019 12:15 PM	(15 min)	EXECUTIVE TIME
Friday, February 1, 2019 12:30 PM	(1 hr)	LUNCH WITH THE SECRETARY OF STATE
Friday, February 1, 2019 1:30 PM	(15 min)	EXECUTIVE TIME
Friday, February 1, 2019 2:45 PM	(15 min)	EXECUTIVE TIME
Friday, February 1, 2019 3:00 PM	(15 min)	MEDIA ENGAGEMENT
Friday, February 1, 2019 3:30 PM	(30 min)	EXECUTIVE TIME
